"","p_val","avg_log2FC","pct.1","pct.2","p_val_adj","cluster","gene"
"Hmox1",1.15114912131944e-22,1.42096783049923,0.973,0.799,2.21596205853991e-18,"0","Hmox1"
"Slc48a1",6.16664041419778e-20,1.0635841021633,0.986,0.799,1.18707827973307e-15,"0","Slc48a1"
"Axl",6.45071827055922e-16,1.9508814802206,0.784,0.312,1.24176326708265e-11,"0","Axl"
"Lpl",5.43292809093735e-14,1.61531802460376,0.824,0.438,1.04583865750544e-09,"0","Lpl"
"Spic",5.6241711402041e-14,2.83296278233121,0.568,0.111,1.08265294448929e-09,"0","Spic"
"Gclm",6.52688788964958e-14,1.87754661946411,0.811,0.375,1.25642591875754e-09,"0","Gclm"
"Clec4n",4.12198675987007e-12,1.2481913214594,0.838,0.604,7.93482451274989e-08,"0","Clec4n"
"Slc11a1",4.80378432143447e-11,1.07730078713,0.878,0.59,9.24728481876135e-07,"0","Slc11a1"
"Gstm1",1.89120345395025e-10,1.42695999475572,0.77,0.444,3.64056664885424e-06,"0","Gstm1"
"Pld3",3.07819918999683e-10,1.18769953737838,0.838,0.556,5.9255334407439e-06,"0","Pld3"
"Fcrl1",1.41451264098373e-08,3.03325523409601,0.311,0.035,0.000272293683389369,"0","Fcrl1"
"Vcam1",2.87471743801324e-08,2.88697721484207,0.432,0.132,0.000553383106817548,"0","Vcam1"
"Pparg",4.53062708438777e-08,3.16460637699695,0.324,0.056,0.000872145713744646,"0","Pparg"
"Il18bp",6.42878919936383e-08,3.47870046750995,0.27,0.028,0.00123754192087754,"0","Il18bp"
"Gngt2",7.14391356866361e-08,1.56702374800538,0.649,0.368,0.00137520336196775,"0","Gngt2"
"Marco",8.49123358182919e-08,3.00463904668631,0.27,0.028,0.00163456246450212,"0","Marco"
"Sqstm1",8.68098607999101e-08,1.04218168106551,0.811,0.549,0.00167108982039827,"0","Sqstm1"
"Cd82",1.65275987653113e-07,1.39812955634713,0.635,0.319,0.00318156276232242,"0","Cd82"
"Lgals3",2.62637862915056e-07,1.45698703460645,0.568,0.222,0.00505577886111483,"0","Lgals3"
"Tmem140",2.63243185193115e-07,1.50313569230765,0.595,0.264,0.00506743131496745,"0","Tmem140"
"Cmbl",7.51596012983897e-07,2.5474375923382,0.311,0.062,0.01446822324994,"0","Cmbl"
"B430306N03Rik",7.93519459746248e-07,2.97322016636438,0.257,0.035,0.0152752496001153,"0","B430306N03Rik"
"Fam213b",9.91710028499681e-07,1.08470147271368,0.716,0.569,0.0190904180486189,"0","Fam213b"
"Acp5",1.40975629395447e-06,1.38693531122005,0.568,0.285,0.0271378086586236,"0","Acp5"
"Fcna",1.51053632569523e-06,1.06199004683298,0.73,0.507,0.0290778242696333,"0","Fcna"
"Cela1",1.78704651854195e-06,1.32352988002108,0.608,0.326,0.0344006454819326,"0","Cela1"
"Cxcl16",2.07750167730321e-06,1.88623704470674,0.419,0.146,0.0399919072880868,"0","Cxcl16"
"Por",5.08182521911449e-06,1.02950893597709,0.703,0.493,0.0978251354679539,"0","Por"
"Akr1b8",6.79742432405727e-06,2.38904627074528,0.297,0.069,0.130850418238102,"0","Akr1b8"
"Txnrd1",7.2404609423343e-06,1.48175785287678,0.554,0.278,0.139378873139935,"0","Txnrd1"
"Gdpd1",2.60527167812351e-05,1.77759027324471,0.351,0.118,0.501514798038775,"0","Gdpd1"
"Gm10116",2.78932715855896e-05,1.2511951849613,0.459,0.188,0.5369454780226,"0","Gm10116"
"G6pdx",3.21139686017435e-05,1.26316420640954,0.608,0.361,0.618193895583562,"0","G6pdx"
"Mgst1",4.06259593728703e-05,2.16409842605684,0.311,0.097,0.782049717927753,"0","Mgst1"
"Rab20",4.3901344909163e-05,1.2897067945015,0.473,0.208,0.845100889501388,"0","Rab20"
"Abcc3",7.04144298769497e-05,1.24956155417164,0.419,0.174,1,"0","Abcc3"
"Cadm1",9.44190243685172e-05,1.09286606016097,0.5,0.25,1,"0","Cadm1"
"Gm13710",0.000120559460054971,1.71821143964245,0.311,0.104,1,"0","Gm13710"
"Cat",0.000123758035881151,1.0291028392379,0.649,0.528,1,"0","Cat"
"Fam234a",0.000125997534214031,1.11172750183429,0.581,0.319,1,"0","Fam234a"
"Mafb",0.000202508644357282,1.12704856761535,0.486,0.264,1,"0","Mafb"
"Zbtb38",0.000318793507061149,1.77329639571706,0.284,0.097,1,"0","Zbtb38"
"Trafd1",0.000391335693277159,1.04959320595083,0.568,0.361,1,"0","Trafd1"
"Vamp5",0.000392853010905104,1.40316876998393,0.378,0.174,1,"0","Vamp5"
"Lilra5",0.00042959807943687,1.45213586940598,0.311,0.111,1,"0","Lilra5"
"Sdc3",0.000579249961100395,1.07578834567643,0.446,0.222,1,"0","Sdc3"
"Arfgap2",0.00064127050654964,1.08272764045975,0.459,0.257,1,"0","Arfgap2"
"Hpcal1",0.00093465191061655,1.00736852153216,0.568,0.396,1,"0","Hpcal1"
"Tnip1",0.00132388209969298,1.49436970889806,0.351,0.174,1,"0","Tnip1"
"Fabp5",0.00227924610826093,1.15198793273011,0.5,0.326,1,"0","Fabp5"
"Ppfibp2",0.00231139363543677,1.14562556552228,0.338,0.153,1,"0","Ppfibp2"
"Enho",0.00243769892814433,1.29047129103736,0.257,0.097,1,"0","Enho"
"Ly9",0.00254922116250708,1.25919908845632,0.311,0.139,1,"0","Ly9"
"Tnfaip2",0.00281423701204645,1.22425488011949,0.257,0.097,1,"0","Tnfaip2"
"Gorasp2",0.00285446708748492,1.0214264440905,0.473,0.292,1,"0","Gorasp2"
"Yipf6",0.002911557389196,1.72559535222575,0.27,0.118,1,"0","Yipf6"
"Fcgr4",0.00399368024437619,1.18273889480004,0.311,0.146,1,"0","Fcgr4"
"Rngtt",0.00516418484392862,1.06519332225836,0.27,0.118,1,"0","Rngtt"
"Abcg1",0.00692190381155219,1.28816312213998,0.338,0.188,1,"0","Abcg1"
"X9430038I01Rik",0.0086711040037566,1.22276568163132,0.297,0.153,1,"0","X9430038I01Rik"
"Gclc",0.00925670769772309,1.43921461288901,0.257,0.125,1,"0","Gclc"
"Lyve1",8.90254043005648e-19,1.99103939083043,0.906,0.305,1.71373903278587e-14,"1","Lyve1"
"Ccl2",1.03925307275027e-18,1.42103837204383,0.984,0.565,2.00056216504426e-14,"1","Ccl2"
"Egr1",3.6946676001389e-15,1.16003202732363,0.922,0.604,7.11223513026738e-11,"1","Egr1"
"Pmp22",8.65141452139848e-15,1.70371191478238,0.859,0.364,1.66539729536921e-10,"1","Pmp22"
"Ier3",2.25895006045449e-14,1.10899805460728,0.969,0.688,4.34847886637489e-10,"1","Ier3"
"Ltc4s",1.03542640644985e-12,1.35401814727191,0.875,0.487,1.99319583241596e-08,"1","Ltc4s"
"Ccl7",6.46845432572713e-12,1.44867493611743,0.859,0.448,1.24517745770247e-07,"1","Ccl7"
"Colec12",1.00666537557061e-11,1.51937875951603,0.797,0.344,1.93783084797342e-07,"1","Colec12"
"Fcgr2b",6.62299454624673e-11,1.45775150937727,0.766,0.448,1.2749264501525e-06,"1","Fcgr2b"
"Fosb",8.36416645101489e-11,1.17734325515255,0.844,0.578,1.61010204182037e-06,"1","Fosb"
"Nfkbiz",5.45125277172117e-10,1.19064504887361,0.828,0.552,1.04936615855632e-05,"1","Nfkbiz"
"Gimap6",6.64441453763213e-10,2.07943441701096,0.578,0.208,1.27904979849419e-05,"1","Gimap6"
"Lmna",1.55003702322548e-09,1.51901342845399,0.703,0.331,2.98382126970905e-05,"1","Lmna"
"Nfkbid",1.05818173617301e-08,1.22593444418368,0.781,0.468,0.000203699984213305,"1","Nfkbid"
"Appl2",2.3118584416738e-08,1.45314990392056,0.609,0.273,0.000445032750022206,"1","Appl2"
"Adrb2",3.52794041159483e-08,1.23714740856359,0.781,0.5,0.000679128529232005,"1","Adrb2"
"Cd163",5.70499429095523e-08,2.1902063405907,0.469,0.149,0.00109821140100888,"1","Cd163"
"Sdc4",1.13004473781356e-07,1.27532915095421,0.75,0.403,0.00217533612029111,"1","Sdc4"
"Ccl12",1.33656993007796e-07,1.08135923119669,0.812,0.597,0.00257289711540008,"1","Ccl12"
"Rwdd2a",2.57632936642548e-07,2.748725637511,0.344,0.084,0.00495943403036905,"1","Rwdd2a"
"Gpr183",3.58611986102996e-07,1.47981343611087,0.609,0.305,0.00690328073248266,"1","Gpr183"
"Il21r",4.61732782952122e-07,1.19398218895257,0.703,0.422,0.00888835607182834,"1","Il21r"
"Mgl2",4.78784541029084e-07,1.84015167634705,0.438,0.136,0.00921660241480986,"1","Mgl2"
"Tcf24",4.98048759770457e-07,1.82126542796392,0.469,0.162,0.00958743862558129,"1","Tcf24"
"Osbpl9",5.99686340546171e-07,1.16078212902283,0.688,0.442,0.0115439620555138,"1","Osbpl9"
"Egr2",1.00379158527557e-06,1.50690232327711,0.578,0.279,0.0193229880165546,"1","Egr2"
"Mtss1",1.13628089261139e-06,1.24815128211671,0.641,0.331,0.0218734071827692,"1","Mtss1"
"Plxnd1",1.6002785511258e-06,1.97430261065768,0.469,0.221,0.0308053621091717,"1","Plxnd1"
"Gm26522",2.2828246178824e-06,1.37490785574194,0.625,0.364,0.0439443738942362,"1","Gm26522"
"Pltp",2.47175283910038e-06,1.25297461973795,0.594,0.292,0.0475812421526824,"1","Pltp"
"St3gal6",8.15297914033286e-06,1.40501242260895,0.516,0.247,0.156944848451408,"1","St3gal6"
"Tmem8",1.03320016570663e-05,1.08131052888241,0.656,0.403,0.198891031898526,"1","Tmem8"
"Sgce",1.88167828421007e-05,1.75289854753441,0.359,0.123,0.362223069710439,"1","Sgce"
"Nudt16",2.21681014347771e-05,1.15611310310279,0.531,0.286,0.426735952619459,"1","Nudt16"
"Ing2",2.48972595653948e-05,1.30315270809179,0.516,0.292,0.47927224663385,"1","Ing2"
"Cxcl1",2.83689224099837e-05,1.2677493168361,0.578,0.318,0.546101756392187,"1","Cxcl1"
"Zdhhc14",3.81459410334874e-05,1.42129480476976,0.453,0.208,0.734309364894632,"1","Zdhhc14"
"Egfl7",3.86956804741292e-05,1.98095489413749,0.375,0.162,0.744891849126987,"1","Egfl7"
"Adam33",4.1947601548063e-05,2.38830054132629,0.266,0.071,0.807491329800212,"1","Adam33"
"Orai3",6.0204535253984e-05,1.32106324784566,0.5,0.305,1,"1","Orai3"
"Nfxl1",7.00132416318785e-05,1.11177798991415,0.547,0.364,1,"1","Nfxl1"
"Hif3a",7.23853334723769e-05,1.92030274522533,0.297,0.091,1,"1","Hif3a"
"Trrap",9.61745003308732e-05,2.42027459617593,0.25,0.071,1,"1","Trrap"
"Ggt5",0.000153432751187659,1.3921315595488,0.359,0.143,1,"1","Ggt5"
"Folr2",0.000192152799679643,1.08047854149107,0.547,0.338,1,"1","Folr2"
"Gm26532",0.000265784599798395,1.11572782751351,0.562,0.39,1,"1","Gm26532"
"Il15",0.00027666784479647,1.79592205567532,0.297,0.117,1,"1","Il15"
"Bmp2",0.000289765830781789,1.52781373301685,0.422,0.208,1,"1","Bmp2"
"Ctc1",0.000400873035020417,1.26339652152992,0.438,0.247,1,"1","Ctc1"
"Cp",0.000429066168569208,2.12794081147205,0.25,0.084,1,"1","Cp"
"Fam13a",0.000456102265711861,1.81309167501847,0.312,0.13,1,"1","Fam13a"
"Mxra8",0.000582098675676318,1.83790317700216,0.266,0.097,1,"1","Mxra8"
"Eva1b",0.000602324370470848,1.00064091695663,0.5,0.331,1,"1","Eva1b"
"Irf2bp2",0.000734298183745083,1.12751500826987,0.484,0.312,1,"1","Irf2bp2"
"Fam214b",0.000820571538250214,2.08304838352989,0.266,0.11,1,"1","Fam214b"
"Prkacb",0.000851503329093745,1.39247923485158,0.391,0.214,1,"1","Prkacb"
"Phlda1",0.000992919927868288,1.41829233447709,0.438,0.273,1,"1","Phlda1"
"Zfp740",0.00104264240116511,1.80876878907883,0.25,0.097,1,"1","Zfp740"
"Ets2",0.00107809255555698,1.13251033852918,0.469,0.299,1,"1","Ets2"
"Cdkn1a",0.00130958870033007,1.02002710706609,0.609,0.506,1,"1","Cdkn1a"
"Thap3",0.00137847934901591,1.22148913849265,0.391,0.208,1,"1","Thap3"
"Plk2",0.0014087421015178,1.01721457340887,0.531,0.331,1,"1","Plk2"
"Tbc1d4",0.00146303219284422,1.50493967263529,0.281,0.123,1,"1","Tbc1d4"
"Fam46a",0.00161616241097836,1.04960249872097,0.516,0.357,1,"1","Fam46a"
"Ptpro",0.00165683625042707,1.28994831980626,0.344,0.182,1,"1","Ptpro"
"Mier1",0.00171753448075783,1.04225558138043,0.453,0.299,1,"1","Mier1"
"Isca1",0.00171790815468274,1.56647531711093,0.25,0.097,1,"1","Isca1"
"Hs2st1",0.00176900162624639,1.54886276038408,0.344,0.182,1,"1","Hs2st1"
"Clcn5",0.00184190239824411,1.08586806889261,0.406,0.253,1,"1","Clcn5"
"PISD",0.00186794618019752,1.20781016350225,0.406,0.247,1,"1","PISD"
"Arhgap31",0.00190055608876146,1.07365122516815,0.484,0.344,1,"1","Arhgap31"
"Rbpj",0.00199659817801198,1.285691667993,0.422,0.273,1,"1","Rbpj"
"Vgll4",0.00205107957391424,1.07774409674356,0.453,0.318,1,"1","Vgll4"
"Eef2k",0.00220764123334423,1.0446423950569,0.484,0.357,1,"1","Eef2k"
"Itga9",0.00276811860124548,1.19248535398027,0.391,0.234,1,"1","Itga9"
"Abca9",0.00280179934573757,1.419272008808,0.312,0.162,1,"1","Abca9"
"Ppp2r5e",0.0030324591965823,1.54276625112563,0.297,0.156,1,"1","Ppp2r5e"
"Ldb1",0.00306639744742926,1.15649658895757,0.375,0.221,1,"1","Ldb1"
"March7",0.00325912267886566,1.02233564782139,0.453,0.331,1,"1","March7"
"Angptl7",0.00338426881696588,1.17725509938965,0.312,0.149,1,"1","Angptl7"
"Ddx26b",0.00368569719910871,1.21137656849946,0.391,0.253,1,"1","Ddx26b"
"Pygl",0.00374880576266173,1.030455997977,0.422,0.279,1,"1","Pygl"
"Wasl",0.00378316566903067,1.12941439752937,0.406,0.26,1,"1","Wasl"
"Hist1h2al",0.00414380218369336,1.0581411588912,0.375,0.221,1,"1","Hist1h2al"
"Epor",0.00425548821415288,1.08779873081483,0.391,0.24,1,"1","Epor"
"Maff",0.00427853139993122,1.08280305663803,0.453,0.299,1,"1","Maff"
"Pnpla7",0.00429990096209111,1.03040181023789,0.406,0.266,1,"1","Pnpla7"
"Trps1",0.00492958231652442,1.50199456159439,0.297,0.162,1,"1","Trps1"
"Rap2c",0.00601011204062515,1.295509222839,0.297,0.156,1,"1","Rap2c"
"Zfp395",0.00626357792117984,1.18709951620858,0.297,0.156,1,"1","Zfp395"
"Tigd2",0.0067035888405689,1.01221948604305,0.422,0.286,1,"1","Tigd2"
"Casp4",0.00708272627809017,1.34244243458002,0.297,0.156,1,"1","Casp4"
"Fam43a",0.00737468084124937,1.42564405751546,0.328,0.182,1,"1","Fam43a"
"Thap4",0.0074187738899023,1.05806298349038,0.281,0.143,1,"1","Thap4"
"Fbxo33",0.00764310383191063,1.65458390657266,0.297,0.175,1,"1","Fbxo33"
"Lsp1",1.02544449019181e-18,2.61839246408546,0.854,0.169,1.97398064361923e-14,"2","Lsp1"
"Cd52",2.78311455968015e-12,1.92503163427444,0.829,0.305,5.35749552738429e-08,"2","Cd52"
"Gpnmb",3.30122828196694e-11,5.83640905939832,0.268,0.006,6.35486444278635e-07,"2","Gpnmb"
"Havcr2",4.70756399861625e-11,4.34011770073603,0.293,0.011,9.06206069733627e-07,"2","Havcr2"
"Lair1",1.55338479876264e-10,2.84730539829665,0.415,0.051,2.99026573761808e-06,"2","Lair1"
"Ms4a4c",2.63736646225438e-10,3.03949893087039,0.39,0.045,5.07693043983968e-06,"2","Ms4a4c"
"Lat2",5.71835309831251e-10,3.55869945802135,0.341,0.034,1.10078297142516e-05,"2","Lat2"
"Fxyd5",6.47152391272748e-10,1.4931629690028,0.878,0.395,1.24576835320004e-05,"2","Fxyd5"
"Plxdc2",1.09671419663539e-09,2.74097433024496,0.439,0.073,2.11117482852313e-05,"2","Plxdc2"
"Clec12a",1.3492630639982e-09,2.18623258369965,0.585,0.158,2.59733139819654e-05,"2","Clec12a"
"Ccr2",1.95832574288655e-09,3.65363360813548,0.341,0.04,3.76977705505662e-05,"2","Ccr2"
"Cd9",2.79932811362323e-09,2.33260712673735,0.61,0.198,5.38870661872473e-05,"2","Cd9"
"Adamts1",3.05477363558564e-09,3.41311375446239,0.293,0.023,5.88043924850235e-05,"2","Adamts1"
"Sgk1",3.26818135256599e-09,2.53099851320305,0.537,0.141,6.29124910368953e-05,"2","Sgk1"
"Olfml3",6.64266073860522e-09,2.75801579201587,0.415,0.073,0.000127871219218151,"2","Olfml3"
"Svbp",2.37318102447566e-08,1.32013078195682,0.829,0.367,0.000456837347211565,"2","Svbp"
"Capg",4.80959720464751e-08,1.583098052676,0.732,0.305,0.000925847461894645,"2","Capg"
"H2.DMa",7.05640576671824e-08,2.39385206031686,0.463,0.119,0.00135835811009326,"2","H2.DMa"
"Rasal3",7.11536844072817e-08,2.91977348086747,0.341,0.056,0.00136970842484017,"2","Rasal3"
"Spp1",7.57907263624516e-08,3.00550385221715,0.463,0.124,0.00145897148247719,"2","Spp1"
"Socs3",8.05667839314592e-08,1.55528156687728,0.683,0.26,0.00155091059068059,"2","Socs3"
"Hexb",8.08315812574984e-08,1.17015536730895,0.927,0.638,0.00155600793920684,"2","Hexb"
"Mpeg1",9.65241992027646e-08,1.08918149894427,0.902,0.497,0.00185809083465322,"2","Mpeg1"
"Bcl2a1b",1.09580502079862e-07,1.26540922624095,0.805,0.446,0.00210942466503733,"2","Bcl2a1b"
"Itgam",1.36287933809142e-07,2.36525494114847,0.415,0.09,0.00262354272582599,"2","Itgam"
"Bcl2a1d",3.22567940303507e-07,2.04561152303179,0.488,0.147,0.0062094328508425,"2","Bcl2a1d"
"Sowahc",3.60974539511673e-07,3.34422928445082,0.268,0.034,0.00694875988559971,"2","Sowahc"
"Arl4c",7.55458513784123e-07,1.08712144342761,0.878,0.497,0.0145425763903444,"2","Arl4c"
"Sparc",9.59083638905388e-07,2.01426421654092,0.537,0.198,0.0184623600489287,"2","Sparc"
"Blnk",9.70668233585533e-07,2.46963674605749,0.293,0.045,0.0186853634965215,"2","Blnk"
"Arsb",1.23162887876719e-06,1.46120476356819,0.634,0.294,0.0237088559162684,"2","Arsb"
"Anxa1",1.39303348689751e-06,1.86394579431716,0.366,0.073,0.0268158946227771,"2","Anxa1"
"Tagap",1.40043335252058e-06,1.76056529174154,0.488,0.153,0.0269583420360211,"2","Tagap"
"P2ry12",1.49624103232296e-06,1.34369392708183,0.756,0.345,0.0288026398722171,"2","P2ry12"
"Rgs1",1.58928449875842e-06,1.38639242369954,0.659,0.299,0.0305937266010995,"2","Rgs1"
"Flna",2.32892712300098e-06,1.34137937103284,0.659,0.277,0.0448318471177689,"2","Flna"
"Vim",2.37661277737131e-06,1.30266428086696,0.732,0.35,0.0457497959643977,"2","Vim"
"Sh2b2",2.69364771255215e-06,2.28537380818713,0.317,0.062,0.0518527184666289,"2","Sh2b2"
"Ctse",3.28030593062556e-06,2.22676107797456,0.317,0.062,0.063145889164542,"2","Ctse"
"Serpine2",3.65949804500294e-06,2.5115600152034,0.341,0.079,0.0704453373663065,"2","Serpine2"
"Pbxip1",3.89055121663405e-06,1.87832921821472,0.488,0.164,0.0748931109202055,"2","Pbxip1"
"Spag9",4.3648382604086e-06,1.57711986447681,0.512,0.164,0.0840231365128654,"2","Spag9"
"Apoc1",9.7849693457631e-06,1.14228765088725,0.805,0.463,0.18836065990594,"2","Apoc1"
"Tcerg1",1.44037111045476e-05,1.63798038092446,0.488,0.169,0.277271438762542,"2","Tcerg1"
"Obfc1",1.57040470957544e-05,2.30954673223183,0.268,0.051,0.302302906593271,"2","Obfc1"
"Zfos1",2.00073589893953e-05,1.14118638978119,0.707,0.367,0.38514166054586,"2","Zfos1"
"Susd3",2.31232856958684e-05,1.18819924653976,0.561,0.22,0.445123249645466,"2","Susd3"
"Slc16a3",2.82787583033502e-05,2.16952176563232,0.268,0.056,0.544366097339491,"2","Slc16a3"
"Mgat5",3.27103508848216e-05,1.61760827096382,0.293,0.062,0.629674254532816,"2","Mgat5"
"Nuak1",4.26464073179581e-05,1.63857993352362,0.39,0.119,0.820943340870694,"2","Nuak1"
"Apobec1",4.75480434315639e-05,1.20546487059871,0.707,0.407,0.915299836057605,"2","Apobec1"
"Cd37",5.13487300568336e-05,1.65587490612541,0.463,0.169,0.988463053594048,"2","Cd37"
"Irf2bpl",5.77562629910479e-05,1.28870076618371,0.561,0.22,1,"2","Irf2bpl"
"Cd81",5.98964314887947e-05,1.07732046365909,0.707,0.412,1,"2","Cd81"
"Gtpbp4",6.14035502928074e-05,1.21238889734663,0.585,0.249,1,"2","Gtpbp4"
"Sox4",6.25950477715172e-05,1.32606705310812,0.537,0.226,1,"2","Sox4"
"Mef2a",6.79672463351271e-05,1.07111227837784,0.634,0.26,1,"2","Mef2a"
"Pla2g16",6.82597330170656e-05,1.47656953041769,0.415,0.136,1,"2","Pla2g16"
"Gem",7.7348985965326e-05,1.38186300068776,0.463,0.164,1,"2","Gem"
"X1600014C10Rik",9.31664305433353e-05,1.17799141262755,0.585,0.271,1,"2","X1600014C10Rik"
"Crip1",0.000101015668977866,1.12266621115158,0.634,0.333,1,"2","Crip1"
"C130050O18Rik",0.000113397695356386,2.22977643641396,0.268,0.068,1,"2","C130050O18Rik"
"Kcnk13",0.000114624251733484,1.89525481961815,0.366,0.124,1,"2","Kcnk13"
"Tmem119",0.000155261831969981,1.67735960172653,0.39,0.147,1,"2","Tmem119"
"Ramp1",0.000165079571582432,1.68552333859085,0.268,0.068,1,"2","Ramp1"
"Tlr7",0.000165640510219409,1.24745278805901,0.561,0.249,1,"2","Tlr7"
"Tmem251",0.000167586832604738,1.14876075673328,0.561,0.26,1,"2","Tmem251"
"AI662270",0.000203564999206723,1.18364491122454,0.512,0.232,1,"2","AI662270"
"Usp2",0.000213627606442197,1.91653715477538,0.293,0.085,1,"2","Usp2"
"Golm1",0.000241242637171323,2.13969908237123,0.268,0.073,1,"2","Golm1"
"Kpna3",0.000265484232969126,1.74928269162631,0.317,0.102,1,"2","Kpna3"
"Ttpal",0.000282406364936321,1.96555889201676,0.268,0.073,1,"2","Ttpal"
"Pid1",0.000301162080891029,1.25221745218226,0.512,0.215,1,"2","Pid1"
"Skil",0.00031610404857137,1.18328844831866,0.488,0.203,1,"2","Skil"
"Lgals31",0.000333799487056444,1.13196014912352,0.585,0.282,1,"2","Lgals3"
"Myc",0.000346693956347695,1.1616866097536,0.463,0.186,1,"2","Myc"
"Zfp386",0.000348927139087282,1.99862526381045,0.268,0.079,1,"2","Zfp386"
"Tank",0.000386385675706434,1.05844503948286,0.39,0.13,1,"2","Tank"
"Ptpn7",0.000392677419397098,1.74857733594868,0.268,0.073,1,"2","Ptpn7"
"Il10ra",0.000394001282650212,1.08519004239789,0.561,0.271,1,"2","Il10ra"
"Ppcdc",0.000395940843146723,1.65672858003694,0.317,0.102,1,"2","Ppcdc"
"Specc1",0.000434243904392614,1.4224469652765,0.341,0.113,1,"2","Specc1"
"Pald1",0.000481749097962891,1.09475742365076,0.39,0.136,1,"2","Pald1"
"Nfil3",0.000518296470955995,1.2658345872287,0.463,0.209,1,"2","Nfil3"
"Rab7b",0.000582102449662597,1.59589453914494,0.366,0.141,1,"2","Rab7b"
"Sema4d",0.000587465452559027,1.64313554776595,0.317,0.107,1,"2","Sema4d"
"Mybbp1a",0.000666273895669904,1.24497291595873,0.439,0.203,1,"2","Mybbp1a"
"Plekhf2",0.000721226022795225,1.01700276514412,0.537,0.249,1,"2","Plekhf2"
"Ddx27",0.000809722258312096,1.18191971894496,0.463,0.209,1,"2","Ddx27"
"Mdm4",0.00082530145729445,1.44887938156775,0.293,0.09,1,"2","Mdm4"
"Aim2",0.000869940453809835,1.37086832192052,0.39,0.158,1,"2","Aim2"
"Dusp5",0.000977016319088428,1.78602834736174,0.366,0.147,1,"2","Dusp5"
"Plcg2",0.00104920930483327,1.30935125981412,0.366,0.141,1,"2","Plcg2"
"Samsn1",0.00105791405485092,1.35081435379164,0.39,0.158,1,"2","Samsn1"
"Plk3",0.00106107094562354,1.76151000188332,0.293,0.102,1,"2","Plk3"
"Plagl2",0.00106836288499056,1.23292050997215,0.341,0.119,1,"2","Plagl2"
"Pilra",0.00108207401888862,1.54481547687612,0.293,0.096,1,"2","Pilra"
"Slc15a4",0.00108504608293353,1.07045848670703,0.488,0.237,1,"2","Slc15a4"
"Igfbp7",0.00127426871341552,1.25892692509394,0.293,0.096,1,"2","Igfbp7"
"Haghl",0.00128617673111453,1.24417536529711,0.341,0.124,1,"2","Haghl"
"Tmcc3",0.00132430003590125,1.13262785967268,0.488,0.226,1,"2","Tmcc3"
"Wsb2",0.00134317732615775,1.4298745827624,0.341,0.136,1,"2","Wsb2"
"Nab2",0.00172537818982239,1.08419248343547,0.366,0.136,1,"2","Nab2"
"Dtx4",0.0018220197641358,1.23269883269636,0.293,0.102,1,"2","Dtx4"
"Smad2",0.00184324354287238,1.10221029452469,0.39,0.169,1,"2","Smad2"
"Slc25a20",0.00193937726071731,1.52199591363185,0.293,0.107,1,"2","Slc25a20"
"Polr2b",0.00196460901161669,1.11302938805769,0.366,0.147,1,"2","Polr2b"
"Gnl2",0.00218931598421648,1.50844974684746,0.341,0.147,1,"2","Gnl2"
"Taf1",0.00226136123395479,1.27433671932814,0.293,0.102,1,"2","Taf1"
"Rassf5",0.00241072244031997,1.03388936884929,0.463,0.232,1,"2","Rassf5"
"Il17ra",0.00241761219309914,1.23087530010953,0.415,0.198,1,"2","Il17ra"
"Tlcd2",0.00247019776627825,1.27030263588475,0.293,0.107,1,"2","Tlcd2"
"Znhit2",0.00249692653055265,1.07851993448718,0.341,0.136,1,"2","Znhit2"
"Psat1",0.00257625196091392,1.01287586800388,0.39,0.169,1,"2","Psat1"
"Hmces",0.00278913243664599,1.24457530354341,0.366,0.153,1,"2","Hmces"
"Alkbh2",0.00281881652602848,1.35540736779914,0.268,0.09,1,"2","Alkbh2"
"Arhgef7",0.0028810197055232,1.11533642656103,0.293,0.102,1,"2","Arhgef7"
"Tfpt",0.00294100338357235,1.14626865559078,0.341,0.136,1,"2","Tfpt"
"Rmnd5b",0.00327345517189171,1.43358089126392,0.317,0.124,1,"2","Rmnd5b"
"Sgms1",0.00346785393056006,1.02956470352493,0.293,0.107,1,"2","Sgms1"
"Hilpda",0.00352651930161453,1.17502675959288,0.39,0.186,1,"2","Hilpda"
"Cyb561d2",0.00358919407394863,1.0978125041161,0.439,0.22,1,"2","Cyb561d2"
"Ifnar1",0.00362765916910289,1.03987375468427,0.488,0.266,1,"2","Ifnar1"
"Dtx3l",0.00364979174411411,1.38035877080777,0.268,0.096,1,"2","Dtx3l"
"Ppp2r3d",0.00379887921570707,1.28718799759847,0.366,0.169,1,"2","Ppp2r3d"
"Tmc6",0.00384644899884078,1.11126530404289,0.293,0.113,1,"2","Tmc6"
"Pde3b",0.00390143188740733,1.45752698576153,0.293,0.113,1,"2","Pde3b"
"Ptcd2",0.00421938961005485,1.06396510267281,0.39,0.186,1,"2","Ptcd2"
"Acer3",0.00446578863182711,1.01896750477426,0.415,0.186,1,"2","Acer3"
"Lrrk1",0.00461921412931033,1.17751965209159,0.293,0.113,1,"2","Lrrk1"
"Tlr1",0.00508980876680893,1.14850394807627,0.341,0.153,1,"2","Tlr1"
"Gla",0.0051031989022704,1.22598502516408,0.341,0.158,1,"2","Gla"
"Sp100",0.00522628840640219,1.23569830490762,0.366,0.175,1,"2","Sp100"
"Cdip1",0.00523383957871926,1.15569509799501,0.293,0.113,1,"2","Cdip1"
"Sec24a",0.00523890236855454,1.13467842628084,0.317,0.13,1,"2","Sec24a"
"Tbc1d16",0.00531670282926645,1.0420046852829,0.39,0.181,1,"2","Tbc1d16"
"Amz2",0.0054844546145437,1.04797551960822,0.341,0.153,1,"2","Amz2"
"Itpkb",0.00584866655533382,1.30239129168963,0.268,0.102,1,"2","Itpkb"
"Abcd2",0.00593245471100513,1.19478323176098,0.268,0.102,1,"2","Abcd2"
"Slc7a6os",0.00651137772312502,1.06101559112785,0.293,0.113,1,"2","Slc7a6os"
"Creld1",0.0068317750510777,1.13044725140009,0.268,0.102,1,"2","Creld1"
"BC029722",0.00692779239896581,1.0380830519882,0.366,0.175,1,"2","BC029722"
"Eps15l1",0.00732585832125372,1.04459254445685,0.268,0.102,1,"2","Eps15l1"
"Oasl2",0.00778481426463791,1.35968997558728,0.268,0.107,1,"2","Oasl2"
"Mfng",0.00821970310643604,1.22589544956279,0.268,0.107,1,"2","Mfng"
"Comtd1",0.00826360086121041,1.29088177499964,0.293,0.136,1,"2","Comtd1"
"Gmpr",0.00828892295427994,1.02985300665664,0.341,0.153,1,"2","Gmpr"
"Nt5c3",0.0083317674098871,1.17929666965899,0.268,0.107,1,"2","Nt5c3"
"Ilf3",0.00851444747164801,1.03559003944618,0.366,0.175,1,"2","Ilf3"
"Gpat4",0.00883871781091738,1.05925337068188,0.341,0.164,1,"2","Gpat4"
"Nae1",0.00897425718353922,1.06690134478241,0.366,0.181,1,"2","Nae1"
"Luzp1",0.00916051902844051,1.17314166579835,0.317,0.141,1,"2","Luzp1"
"Swt1",0.0095706951528906,1.07090284163829,0.317,0.147,1,"2","Swt1"
"X2810417H13Rik",2.07754693644487e-19,4.40985137063817,0.615,0.056,3.99927785265637e-15,"3","X2810417H13Rik"
"Nusap1",2.37013877132476e-19,5.83192482732142,0.513,0.022,4.56251713480016e-15,"3","Nusap1"
"Tk1",5.33923819273841e-19,4.61782864390898,0.564,0.039,1.02780335210214e-14,"3","Tk1"
"Birc5",7.19992873845598e-19,4.3532389694529,0.564,0.039,1.38598628215278e-14,"3","Birc5"
"Kif22",7.29535296338254e-19,7.78433690064254,0.41,0,1.40435544545114e-14,"3","Kif22"
"Mcm5",1.60307491080514e-18,3.02528817805259,0.744,0.106,3.0859192032999e-14,"3","Mcm5"
"Ccna2",9.36308638380913e-18,5.52325295153375,0.462,0.017,1.80239412888326e-13,"3","Ccna2"
"Ska1",1.05038680279817e-17,7.70139970928582,0.385,0,2.02199459538648e-13,"3","Ska1"
"Tyms",5.9762376461503e-17,3.20634577160357,0.718,0.134,1.15042574688393e-12,"3","Tyms"
"Ckap2l",1.4795321124734e-16,7.85111441492328,0.359,0,2.84809931651129e-12,"3","Ckap2l"
"Melk",1.4795321124734e-16,7.6672608963234,0.359,0,2.84809931651129e-12,"3","Melk"
"Asf1b",8.83410553372099e-16,3.80727423962856,0.564,0.061,1.70056531524129e-11,"3","Asf1b"
"Gmnn",1.26902651126605e-15,2.87006662509082,0.667,0.106,2.44287603418714e-11,"3","Gmnn"
"Tpx2",1.46931555450955e-15,4.84757760957035,0.436,0.022,2.82843244243089e-11,"3","Tpx2"
"Ndc80",2.03985500091291e-15,7.7281462202081,0.333,0,3.92672087675736e-11,"3","Ndc80"
"Rad51",2.56031110159466e-15,6.68487466837219,0.359,0.006,4.92859887056973e-11,"3","Rad51"
"Prc1",2.93613017864718e-15,5.68737789258753,0.385,0.011,5.65205059389582e-11,"3","Prc1"
"Spc24",3.71349363947538e-15,3.88454022860001,0.487,0.039,7.1484752559901e-11,"3","Spc24"
"Pbk",3.7611953172074e-15,4.5301752889954,0.41,0.017,7.24030098562425e-11,"3","Pbk"
"Smc2",5.69712821176811e-15,2.96315952202202,0.667,0.123,1.09669718076536e-10,"3","Smc2"
"Cks1b",1.68622445987681e-14,2.39408130243472,0.821,0.235,3.24598208526287e-10,"3","Cks1b"
"Cdca8",2.54189249633077e-14,3.66045579649413,0.538,0.067,4.89314305543673e-10,"3","Cdca8"
"Plk1",2.75442922114028e-14,7.86925969903881,0.308,0,5.30227625069503e-10,"3","Plk1"
"Prim1",3.19597742318685e-14,3.17996231248736,0.513,0.05,6.15225653963469e-10,"3","Prim1"
"Smc4",3.9255493140686e-14,2.7452469162534,0.718,0.179,7.55668242958205e-10,"3","Smc4"
"Racgap1",4.02016798084258e-14,4.00032276860765,0.462,0.039,7.73882336312196e-10,"3","Racgap1"
"Pkmyt1",5.63068977441907e-14,5.31196749045504,0.333,0.006,1.08390778157567e-09,"3","Pkmyt1"
"Tmpo",8.91960971895854e-14,2.38644631422185,0.795,0.229,1.71702487089952e-09,"3","Tmpo"
"Mcm7",1.89702525276756e-13,2.63300204158084,0.641,0.112,3.65177361157756e-09,"3","Mcm7"
"Fignl1",3.23458801197224e-13,4.14576771747455,0.385,0.022,6.22658192304657e-09,"3","Fignl1"
"Ccnf",3.64518498431318e-13,6.94605719612073,0.282,0,7.01698109480286e-09,"3","Ccnf"
"Lmnb1",4.2105920985262e-13,2.73283309683806,0.641,0.123,8.10538978966293e-09,"3","Lmnb1"
"Rfc5",4.41452863184437e-13,2.7985445804969,0.564,0.078,8.49796761630042e-09,"3","Rfc5"
"Cenph",4.73439473255555e-13,4.175808836109,0.385,0.022,9.11370986016943e-09,"3","Cenph"
"Top2a",5.11265600325467e-13,4.38290884326677,0.41,0.034,9.84186280626523e-09,"3","Top2a"
"Ncapg",5.38079783842223e-13,5.93832537436949,0.308,0.006,1.03580358389628e-08,"3","Ncapg"
"Cdca2",6.22000620781424e-13,5.09988939555752,0.333,0.011,1.19735119500424e-08,"3","Cdca2"
"Cks2",6.99937286507702e-13,3.33243164377299,0.513,0.073,1.34737927652733e-08,"3","Cks2"
"Mki67",1.41035892728818e-12,4.31374901017528,0.385,0.028,2.71494093502975e-08,"3","Mki67"
"Hmgb2",1.85274166326579e-12,1.97388389039613,0.872,0.397,3.56652770178664e-08,"3","Hmgb2"
"Cdk1",2.35800672648131e-12,2.46822609006478,0.692,0.168,4.53916294847653e-08,"3","Cdk1"
"Aurkb",4.19220010968946e-12,4.10557965259799,0.41,0.039,8.06998521115221e-08,"3","Aurkb"
"Esco2",4.73170085783094e-12,6.64751220835344,0.256,0,9.10852415132457e-08,"3","Esco2"
"Rrm2",5.20320075800079e-12,5.98101367210064,0.308,0.011,1.00161614591515e-07,"3","Rrm2"
"Cenpm",7.19306010521984e-12,5.38095155783876,0.308,0.011,1.38466407025482e-07,"3","Cenpm"
"Shcbp1",7.52218418479791e-12,5.65778999489667,0.282,0.006,1.4480204555736e-07,"3","Shcbp1"
"Bub1",7.90395844195179e-12,5.37810803693833,0.282,0.006,1.52151200007572e-07,"3","Bub1"
"Cdca3",1.04701716394657e-11,3.28133719488934,0.487,0.073,2.01550804059715e-07,"3","Cdca3"
"Lsm2",1.13284554159536e-11,2.00182095766537,0.769,0.291,2.18072766757107e-07,"3","Lsm2"
"Cdc20",1.74392535842502e-11,3.79098063476381,0.41,0.045,3.35705631496817e-07,"3","Cdc20"
"Ccnb1",1.92513539765917e-11,4.5672183695203,0.359,0.028,3.70588564049389e-07,"3","Ccnb1"
"Mcm6",3.03749871947239e-11,2.08757534309807,0.718,0.218,5.84718503498435e-07,"3","Mcm6"
"Ube2c",4.31722380109075e-11,3.81711160260522,0.436,0.061,8.31065581709969e-07,"3","Ube2c"
"Hirip3",4.70444640781137e-11,4.41908149861648,0.333,0.022,9.0560593350369e-07,"3","Hirip3"
"Gins2",6.96508892137891e-11,2.173863188099,0.641,0.145,1.34077961736544e-06,"3","Gins2"
"Mad2l1",1.05741990182185e-10,3.53507282967582,0.385,0.039,2.03553331100707e-06,"3","Mad2l1"
"Mis18bp1",1.13154448767316e-10,5.00093156492167,0.256,0.006,2.17822313877084e-06,"3","Mis18bp1"
"Dlgap5",1.16399605459307e-10,4.42074430312718,0.282,0.011,2.24069240509166e-06,"3","Dlgap5"
"Rad54l",1.18801222884772e-10,4.71096778769061,0.256,0.006,2.28692354053185e-06,"3","Rad54l"
"Lig1",1.26129584115811e-10,2.48696111861679,0.564,0.117,2.42799449422937e-06,"3","Lig1"
"Dut",1.61125284045438e-10,2.74907864105446,0.538,0.112,3.10166171787469e-06,"3","Dut"
"Cdkn2c",1.82621007690342e-10,4.07154740315788,0.359,0.034,3.51545439803908e-06,"3","Cdkn2c"
"Hells",4.91301744979743e-10,3.47596675403565,0.333,0.028,9.45755859086004e-06,"3","Hells"
"Tacc3",5.39394721688853e-10,2.83357809539281,0.487,0.089,1.03833483925104e-05,"3","Tacc3"
"Cenpq",7.44992769979566e-10,3.77942086354648,0.308,0.022,1.43411108221066e-05,"3","Cenpq"
"Rfc4",8.70871290137455e-10,2.37624941083453,0.538,0.112,1.6764272335146e-05,"3","Rfc4"
"Ncapd2",9.05454995079597e-10,3.41413539842926,0.308,0.022,1.74300086552822e-05,"3","Ncapd2"
"Fbxo5",1.02528586102116e-09,3.99447765717241,0.282,0.017,1.97367528246573e-05,"3","Fbxo5"
"Kif2c",1.06847650514289e-09,4.2713350892947,0.282,0.017,2.05681727240006e-05,"3","Kif2c"
"Rad51ap1",1.11192134875188e-09,5.04579618890211,0.256,0.011,2.14044859634737e-05,"3","Rad51ap1"
"Ccnb2",1.13046538470811e-09,2.61912289349977,0.41,0.056,2.17614586556311e-05,"3","Ccnb2"
"Cit",1.26965982629855e-09,4.34734410370064,0.256,0.011,2.4440951656247e-05,"3","Cit"
"Cdca5",1.26965982629855e-09,4.21052262142914,0.256,0.011,2.4440951656247e-05,"3","Cdca5"
"C330027C09Rik",1.32693361635332e-09,4.13256599884269,0.256,0.011,2.55434721148015e-05,"3","C330027C09Rik"
"Haus5",1.36740709134487e-09,3.79287255421306,0.282,0.017,2.63225865083887e-05,"3","Haus5"
"Cenpe",2.25084759631967e-09,3.45118108736117,0.333,0.034,4.33288162291537e-05,"3","Cenpe"
"Ezh2",4.3250844946908e-09,2.20039372875431,0.538,0.123,8.32578765227979e-05,"3","Ezh2"
"Anp32b",5.72133455424189e-09,1.00433583503153,0.949,0.665,0.000110135690169156,"3","Anp32b"
"Tipin",7.29214691983401e-09,2.01721734915662,0.615,0.173,0.000140373828206805,"3","Tipin"
"Ube2t",8.38582612940746e-09,2.69770861984208,0.308,0.028,0.000161427152991094,"3","Ube2t"
"Uhrf1",1.24774894325035e-08,3.35416434963857,0.256,0.017,0.000240191671575693,"3","Uhrf1"
"Hmgb3",1.31327764546105e-08,2.90965688615876,0.41,0.067,0.000252805946751252,"3","Hmgb3"
"Pmf1",1.49909921380517e-08,1.87690757743698,0.718,0.302,0.000288576598657496,"3","Pmf1"
"Rrm1",1.58071860526546e-08,2.43283931450793,0.513,0.14,0.000304288331513601,"3","Rrm1"
"Pola1",1.85714220849701e-08,2.27661604043805,0.256,0.017,0.000357499875135674,"3","Pola1"
"Sae1",2.4802309298551e-08,1.56458208708262,0.769,0.302,0.000477444453997107,"3","Sae1"
"H2afx",2.52249460075014e-08,2.22097726134144,0.615,0.257,0.000485580210644402,"3","H2afx"
"Incenp",2.69248285764559e-08,2.04741094987973,0.641,0.218,0.000518302950096776,"3","Incenp"
"Mcm3",3.67861362592394e-08,1.95004556346107,0.59,0.184,0.000708133122990359,"3","Mcm3"
"Fen1",4.68866330983526e-08,2.09708885715828,0.538,0.156,0.000902567687143288,"3","Fen1"
"Yars2",6.08194535062481e-08,2.66360519120026,0.359,0.056,0.00117077447999528,"3","Yars2"
"Aurka",6.79003002741208e-08,3.66532256364755,0.256,0.022,0.00130708078027682,"3","Aurka"
"Nrm",8.57113028066245e-08,1.52190840885253,0.718,0.257,0.00164994257902752,"3","Nrm"
"Ncapd3",1.05190896113015e-07,3.2046036209767,0.256,0.022,0.00202492475017553,"3","Ncapd3"
"Alyref",1.11789509247008e-07,1.18239393009415,0.897,0.492,0.0021519480530049,"3","Alyref"
"Icam2",1.2524938285607e-07,3.13638851763041,0.308,0.039,0.00241105061997935,"3","Icam2"
"Pold2",1.41503319499773e-07,1.82432132003055,0.564,0.156,0.00272393890037063,"3","Pold2"
"Cdca7",1.55304601510332e-07,2.36399437832228,0.359,0.061,0.00298961357907389,"3","Cdca7"
"Rpa2",2.41567492079291e-07,1.81811287963822,0.564,0.168,0.00465017422252634,"3","Rpa2"
"Ndc1",2.59481194389018e-07,2.44655254730829,0.333,0.05,0.0049950129919886,"3","Ndc1"
"Sms",2.64713842222615e-07,2.32073820053549,0.385,0.073,0.00509574146278534,"3","Sms"
"Knstrn",3.2069644058007e-07,3.09944007930173,0.308,0.045,0.00617340648116635,"3","Knstrn"
"Ung",3.4024639390365e-07,2.62355880256003,0.308,0.045,0.00654974308264525,"3","Ung"
"Kif20a",3.48740617463306e-07,3.32768335758336,0.256,0.028,0.00671325688616865,"3","Kif20a"
"Psip1",3.65608628781979e-07,1.74890511382098,0.59,0.184,0.0070379661040531,"3","Psip1"
"Cdkn3",3.98942827961896e-07,3.72029277724624,0.256,0.028,0.00767964943826649,"3","Cdkn3"
"Ppa1",4.24427154938773e-07,1.9169329291113,0.462,0.112,0.00817022273257137,"3","Ppa1"
"Arhgap15",4.75021664199715e-07,2.03474071560891,0.385,0.073,0.00914416703584452,"3","Arhgap15"
"Chaf1a",6.04388433619475e-07,2.20907627456527,0.359,0.067,0.0116344773471749,"3","Chaf1a"
"Dtymk",6.65219466102823e-07,1.48632633267452,0.718,0.318,0.0128054747224793,"3","Dtymk"
"Gemin6",7.99417933403165e-07,2.48642641432009,0.385,0.084,0.0153887952180109,"3","Gemin6"
"Srsf2",9.03709262498842e-07,1.05692715555777,0.821,0.508,0.0173964033031027,"3","Srsf2"
"Cep57l1",1.07328993159852e-06,2.36244742570075,0.282,0.039,0.0206608311832714,"3","Cep57l1"
"Phgdh",1.30501619835362e-06,3.21161542492272,0.282,0.045,0.0251215618183072,"3","Phgdh"
"Impa2",1.50519014668279e-06,2.15636006586433,0.333,0.061,0.0289749103236436,"3","Impa2"
"Timeless",1.74771372891379e-06,2.85604052151698,0.256,0.034,0.0336434892815905,"3","Timeless"
"Dnajc9",1.96979157279976e-06,1.68199968107906,0.564,0.196,0.0379184877763955,"3","Dnajc9"
"Dbf4",2.01989705005651e-06,2.635422054922,0.308,0.056,0.0388830182135879,"3","Dbf4"
"Spc25",2.03518396225189e-06,2.5490754222283,0.333,0.067,0.0391772912733489,"3","Spc25"
"Tubg1",2.17572382767157e-06,2.04612765120312,0.41,0.101,0.0418826836826777,"3","Tubg1"
"Fxn",2.1912829047502e-06,2.41688374273414,0.359,0.078,0.0421821959164413,"3","Fxn"
"Syce2",2.24441421788456e-06,1.64272734604502,0.538,0.19,0.0432049736942777,"3","Syce2"
"Cdca4",2.3012653616167e-06,1.8772203516443,0.385,0.084,0.0442993582111214,"3","Cdca4"
"Mcm4",2.53333629955456e-06,1.79772706075178,0.462,0.128,0.0487667237664254,"3","Mcm4"
"Usp1",2.55102021802827e-06,1.85473584956385,0.436,0.112,0.0491071391970443,"3","Usp1"
"Nmral1",2.81560003610644e-06,1.70788344460037,0.59,0.196,0.054200300695049,"3","Nmral1"
"Atad2",2.8420000893792e-06,2.13749517360916,0.359,0.078,0.0547085017205496,"3","Atad2"
"Nup43",3.43049576240504e-06,1.87652509763725,0.41,0.101,0.066037043426297,"3","Nup43"
"Impdh2",3.68392542513767e-06,1.29298164468013,0.718,0.419,0.0709155644339001,"3","Impdh2"
"Csrp1",5.02190017003288e-06,1.58635696409868,0.538,0.179,0.0966715782731329,"3","Csrp1"
"Mfsd10",5.02610687944958e-06,1.30827728111535,0.667,0.257,0.0967525574294043,"3","Mfsd10"
"Hn1l",5.4616131987738e-06,1.31981166440774,0.59,0.19,0.105136054076396,"3","Hn1l"
"Mcm2",6.79954186941792e-06,1.53047188138339,0.487,0.145,0.130891180986295,"3","Mcm2"
"Tdp2",6.80676343124977e-06,1.91280807089366,0.462,0.134,0.131030196051558,"3","Tdp2"
"Cbx5",6.80708006718554e-06,1.36549897114386,0.487,0.14,0.131036291293322,"3","Cbx5"
"Bri3bp",7.39473827960716e-06,2.28455291191369,0.308,0.061,0.142348711882438,"3","Bri3bp"
"Hmgn5",7.43030985740267e-06,1.85250521102262,0.359,0.084,0.143033464755001,"3","Hmgn5"
"Dhfr",7.47726998530429e-06,2.30298543857485,0.333,0.073,0.143937447217108,"3","Dhfr"
"Ssrp1",7.49921337802577e-06,1.12092235158479,0.769,0.436,0.144359857526996,"3","Ssrp1"
"Ppil1",7.6129202847842e-06,1.59821671049196,0.513,0.168,0.146548715482096,"3","Ppil1"
"Lbr",1.10581008230614e-05,1.64415076071602,0.462,0.14,0.212868440843933,"3","Lbr"
"Tubb4b",1.11048844411927e-05,1.51940088508267,0.667,0.33,0.213769025492959,"3","Tubb4b"
"Rif1",1.12228920084387e-05,1.81931051462783,0.385,0.095,0.216040671162444,"3","Rif1"
"Rfc1",1.17332740914765e-05,1.25556489391952,0.59,0.207,0.225865526260923,"3","Rfc1"
"Mum1",1.18278723810372e-05,1.9771519972485,0.282,0.05,0.227686543334966,"3","Mum1"
"Cnot6",1.34216863631499e-05,1.51877452206925,0.462,0.134,0.258367462490636,"3","Cnot6"
"Mrpl3",1.39430258188665e-05,1.1581353011701,0.769,0.352,0.26840324701318,"3","Mrpl3"
"Pttg1",1.41563077784376e-05,1.94740700169251,0.462,0.151,0.272508924734924,"3","Pttg1"
"Smc6",1.44708913451598e-05,1.30187502566873,0.667,0.285,0.278564658394326,"3","Smc6"
"Dctpp1",1.59309313599347e-05,1.06449701515878,0.821,0.542,0.306670428678744,"3","Dctpp1"
"X2700094K13Rik",1.656017450025e-05,1.00296929947182,0.795,0.503,0.318783359129813,"3","X2700094K13Rik"
"Stmn1",1.70189357087494e-05,2.19374523143651,0.462,0.179,0.327614512393425,"3","Stmn1"
"Apitd1",1.71893270494907e-05,1.74753498556112,0.436,0.134,0.330894545702697,"3","Apitd1"
"Ctdspl2",1.90659558183241e-05,1.81053664047392,0.333,0.073,0.367019649502738,"3","Ctdspl2"
"Nasp",2.16448712688962e-05,1.32219195056748,0.641,0.274,0.416663771926253,"3","Nasp"
"Cmc2",2.19844648108891e-05,1.43020807858275,0.564,0.207,0.423200947609616,"3","Cmc2"
"Ncaph",2.26296860117478e-05,1.79042807210158,0.385,0.106,0.435621455726145,"3","Ncaph"
"Nop58",2.35176066832539e-05,1.49621438956805,0.564,0.229,0.452713928652637,"3","Nop58"
"Ly6e",2.41641744778817e-05,1.20688520106738,0.692,0.352,0.465160358699222,"3","Ly6e"
"Dhodh",2.47175733376126e-05,2.14818315784615,0.256,0.045,0.475813286749043,"3","Dhodh"
"Cxcl10",2.47537320707472e-05,1.91923797042046,0.385,0.112,0.476509342361883,"3","Cxcl10"
"Tagln2",2.61660917052177e-05,1.55588501872487,0.615,0.313,0.503697265325442,"3","Tagln2"
"Mrpl21",2.80716647967965e-05,1.26760764151013,0.718,0.369,0.540379547338332,"3","Mrpl21"
"Ccdc34",2.83085821875512e-05,1.40586205774491,0.641,0.307,0.54494020711036,"3","Ccdc34"
"Snrpa1",3.13515509714685e-05,1.12115890240969,0.692,0.335,0.60351735620077,"3","Snrpa1"
"Pelo",3.29869892701778e-05,1.65177373791026,0.333,0.078,0.634999543450924,"3","Pelo"
"Bhlhb9",3.35392763876699e-05,1.95369438312106,0.308,0.067,0.645631070462645,"3","Bhlhb9"
"Dazap1",3.49032241583599e-05,1.05154312889313,0.769,0.425,0.671887065048428,"3","Dazap1"
"Anp32e",3.67831816656259e-05,1.04292568669926,0.718,0.436,0.708076247063298,"3","Anp32e"
"Hmgn2",4.09878222813127e-05,1.74891386419253,0.462,0.173,0.789015578915269,"3","Hmgn2"
"Cenpw",4.28154027373751e-05,2.01195289083163,0.333,0.089,0.82419650269447,"3","Cenpw"
"Gpn3",4.83065775196325e-05,1.39216334160417,0.333,0.078,0.929901617252926,"3","Gpn3"
"Dkc1",4.92361877638355e-05,1.74839377720564,0.385,0.112,0.947796614453833,"3","Dkc1"
"Mthfd1",5.2477253896712e-05,1.36180814442778,0.359,0.089,1,"3","Mthfd1"
"Rpe",5.27740571602263e-05,2.58171514154914,0.256,0.05,1,"3","Rpe"
"Htatsf1",5.54307343201167e-05,1.39207523074421,0.436,0.134,1,"3","Htatsf1"
"Ppil4",5.62287926051796e-05,1.21214979994151,0.59,0.212,1,"3","Ppil4"
"Bub3",5.8365425021903e-05,1.10404260505213,0.744,0.425,1,"3","Bub3"
"Cdt1",7.0953034302593e-05,1.73880520669944,0.333,0.089,1,"3","Cdt1"
"Apex1",7.11295024596588e-05,1.12797805253075,0.615,0.296,1,"3","Apex1"
"Nxt1",7.143093955373e-05,1.40982620059653,0.538,0.223,1,"3","Nxt1"
"L3mbtl2",7.23133486353654e-05,1.8437498993248,0.256,0.05,1,"3","L3mbtl2"
"X2610524H06Rik",7.44378486981998e-05,1.75038143465517,0.41,0.134,1,"3","X2610524H06Rik"
"Rfc3",8.24070373510878e-05,1.40797165353069,0.462,0.156,1,"3","Rfc3"
"Mis18a",9.07873116081965e-05,1.58410616825051,0.538,0.229,1,"3","Mis18a"
"Fam132a",9.1731613394393e-05,1.56009699420291,0.436,0.145,1,"3","Fam132a"
"Mettl2",9.18093766989459e-05,1.58447602112928,0.256,0.05,1,"3","Mettl2"
"Nkap",9.19727423446444e-05,1.5537548909478,0.487,0.173,1,"3","Nkap"
"Mynn",0.000100968922470644,2.11749876481343,0.282,0.067,1,"3","Mynn"
"Terf1",0.000101460251112839,1.57102637350288,0.436,0.14,1,"3","Terf1"
"S100a10",0.000102155065021217,1.28194954396106,0.513,0.196,1,"3","S100a10"
"Gm8186",0.000104355865366515,1.68640680296151,0.436,0.151,1,"3","Gm8186"
"Dnajc10",0.000107556037882279,1.66957912243756,0.385,0.123,1,"3","Dnajc10"
"Exosc8",0.000110408189702586,1.30010796265273,0.59,0.296,1,"3","Exosc8"
"Cdk6",0.000111795210621707,1.53116891469557,0.487,0.196,1,"3","Cdk6"
"Rhbdd3",0.000114495573810818,2.17962703337105,0.256,0.056,1,"3","Rhbdd3"
"Pgp",0.000117000463788461,1.35606117887625,0.59,0.268,1,"3","Pgp"
"X2810403A07Rik",0.000117144052759051,2.13412235988183,0.256,0.056,1,"3","X2810403A07Rik"
"Tomm40",0.000119477174605856,1.02256370825103,0.718,0.43,1,"3","Tomm40"
"Rbbp4",0.000119792518042942,1.02760125734032,0.795,0.458,1,"3","Rbbp4"
"Xrcc6",0.000121187780532489,1.43034710351259,0.359,0.101,1,"3","Xrcc6"
"Pold1",0.000122615274090218,1.93875814340504,0.256,0.056,1,"3","Pold1"
"Dnmt1",0.000135775650098452,1.2258133580032,0.487,0.173,1,"3","Dnmt1"
"Thyn1",0.000140875116662525,1.13973795761596,0.564,0.223,1,"3","Thyn1"
"Ppie",0.000171097210322953,1.44580840913088,0.41,0.134,1,"3","Ppie"
"Topbp1",0.000172036853955869,1.61809066187672,0.282,0.067,1,"3","Topbp1"
"Orc6",0.000179811767233599,1.51951123519662,0.41,0.134,1,"3","Orc6"
"Tyw1",0.000183661366240395,1.27406075432351,0.308,0.078,1,"3","Tyw1"
"Hnrnph1",0.000191207588362252,1.65598057222069,0.487,0.196,1,"3","Hnrnph1"
"Srsf1",0.000194932185366545,1.24252660166758,0.641,0.313,1,"3","Srsf1"
"Siva1",0.000202560344148789,1.08170820104849,0.615,0.318,1,"3","Siva1"
"Tdp1",0.000209594884687803,1.5903373083409,0.282,0.073,1,"3","Tdp1"
"Dalrd3",0.000223280926077155,1.56633670633052,0.333,0.095,1,"3","Dalrd3"
"Spidr",0.000231606446553542,1.60312361597502,0.308,0.084,1,"3","Spidr"
"Mcmbp",0.000232650705920436,1.15497592793208,0.667,0.33,1,"3","Mcmbp"
"Metrn",0.000233196903636516,1.39975993837395,0.436,0.162,1,"3","Metrn"
"Brwd1",0.000251470176625016,1.72628152820305,0.282,0.073,1,"3","Brwd1"
"Ptrh2",0.000256038169808832,1.16811455436996,0.436,0.156,1,"3","Ptrh2"
"Saal1",0.00026987988637467,1.47781055349101,0.308,0.084,1,"3","Saal1"
"Elp2",0.000279046585721905,1.7639514357856,0.359,0.117,1,"3","Elp2"
"Strbp",0.000285032545096258,2.11223434783255,0.256,0.061,1,"3","Strbp"
"Klk8",0.000303706650883871,1.82554598583911,0.256,0.061,1,"3","Klk8"
"Smchd1",0.0003362416029152,1.05844638013081,0.538,0.223,1,"3","Smchd1"
"Rnf138",0.000344233565464283,1.42699726428669,0.436,0.168,1,"3","Rnf138"
"Paxip1",0.000344541805221817,1.52746996124552,0.256,0.061,1,"3","Paxip1"
"Kdelr2",0.000378182247923826,1.10107852429928,0.641,0.324,1,"3","Kdelr2"
"Emb",0.000401235662145752,1.05172678320579,0.692,0.402,1,"3","Emb"
"Cycs",0.000406132566174762,1.25626454329003,0.564,0.274,1,"3","Cycs"
"Nme7",0.000415521786036927,1.36841041992904,0.256,0.061,1,"3","Nme7"
"Mrps7",0.000427739929238151,1.11876931092717,0.718,0.408,1,"3","Mrps7"
"Fam111a",0.000444330710299367,1.08373693691225,0.615,0.307,1,"3","Fam111a"
"Ifi203",0.000449779130452059,1.12706562664832,0.615,0.318,1,"3","Ifi203"
"Zfp800",0.000495902790168047,1.50283106287679,0.333,0.101,1,"3","Zfp800"
"Alg3",0.0005064566577848,1.72451781751734,0.333,0.106,1,"3","Alg3"
"AI6622701",0.000509391322809222,1.24410949061155,0.513,0.235,1,"3","AI662270"
"Orc3",0.000515123137995438,1.52240478154357,0.333,0.106,1,"3","Orc3"
"Nde1",0.000524519806787427,1.29101801537685,0.41,0.151,1,"3","Nde1"
"Sec63",0.000524856616131426,1.29972335668522,0.385,0.134,1,"3","Sec63"
"Clec12a1",0.000535940687440895,1.21310547698746,0.462,0.19,1,"3","Clec12a"
"Pfdn6",0.000537633367196576,1.00049835052558,0.692,0.374,1,"3","Pfdn6"
"Abce1",0.000551012979406363,1.57681869336824,0.41,0.156,1,"3","Abce1"
"Wdr77",0.000566672690108962,1.35456490374758,0.436,0.168,1,"3","Wdr77"
"Rfc2",0.000569119468531682,1.0466662526967,0.641,0.397,1,"3","Rfc2"
"Nup85",0.000574399091968642,1.81171514499357,0.282,0.078,1,"3","Nup85"
"Cdc16",0.000627471561602431,1.09719926240717,0.564,0.263,1,"3","Cdc16"
"Dis3l",0.00066540154116797,1.5427564732526,0.308,0.095,1,"3","Dis3l"
"Tssc4",0.000669867366393708,1.43076064785088,0.359,0.128,1,"3","Tssc4"
"Trnt1",0.000671975802849416,1.45363926774041,0.256,0.067,1,"3","Trnt1"
"Mrpl13",0.000672364660524723,1.50797333912324,0.487,0.212,1,"3","Mrpl13"
"Psat11",0.000675767726174847,1.55766115246582,0.41,0.168,1,"3","Psat1"
"Gnpnat1",0.000677057019469452,1.75428191875818,0.308,0.095,1,"3","Gnpnat1"
"Ramp11",0.000714823021006892,2.29385106478156,0.256,0.073,1,"3","Ramp1"
"Exosc7",0.000738700472818303,1.10506718706811,0.564,0.268,1,"3","Exosc7"
"Spata24",0.000740934717840261,1.74954847301685,0.256,0.067,1,"3","Spata24"
"Nup62",0.000790509202361436,1.20117738284692,0.513,0.235,1,"3","Nup62"
"Ranbp3",0.000799652095474962,1.00931364139985,0.487,0.201,1,"3","Ranbp3"
"X2410016O06Rik",0.000816418939743281,1.36082443349615,0.256,0.067,1,"3","X2410016O06Rik"
"Pusl1",0.000818415557887775,1.47131461591919,0.308,0.095,1,"3","Pusl1"
"Psmg2",0.00081851937236374,1.06906557103418,0.538,0.235,1,"3","Psmg2"
"Cdkn2d",0.000848281460720962,2.09207716114405,0.256,0.073,1,"3","Cdkn2d"
"Nup133",0.000862184896097705,1.29873257989277,0.282,0.078,1,"3","Nup133"
"Ppat",0.000864457840687911,1.87503454970485,0.256,0.073,1,"3","Ppat"
"Haus4",0.000916239825981029,1.26391091784296,0.436,0.173,1,"3","Haus4"
"Dph6",0.000916402192949643,1.3940952093284,0.256,0.067,1,"3","Dph6"
"Rangap1",0.000933746195635556,1.41906781079356,0.436,0.184,1,"3","Rangap1"
"Ift22",0.000939865418754766,1.38471633300973,0.385,0.14,1,"3","Ift22"
"Map3k10",0.00100454504160224,1.5327310600092,0.256,0.073,1,"3","Map3k10"
"Cdkn2aipnl",0.00101461971238125,1.52883884450819,0.308,0.101,1,"3","Cdkn2aipnl"
"Nudt19",0.00103814674431991,1.54524746515723,0.308,0.106,1,"3","Nudt19"
"Gatb",0.00104270951098604,1.75490772882233,0.256,0.073,1,"3","Gatb"
"Arrdc3",0.00112919433356361,1.40350301616949,0.385,0.151,1,"3","Arrdc3"
"Sf3b3",0.00115474636671569,1.17844051227028,0.385,0.14,1,"3","Sf3b3"
"X5430427O19Rik",0.00120660576366184,1.04342137381912,0.308,0.095,1,"3","X5430427O19Rik"
"Rbm15",0.00127769300599233,1.41236292116474,0.256,0.073,1,"3","Rbm15"
"Mto1",0.00130224542238281,1.46114753819744,0.385,0.151,1,"3","Mto1"
"Eefsec",0.00130265279522362,1.70631429453004,0.308,0.106,1,"3","Eefsec"
"Prpf31",0.00131238567986371,1.46860753456917,0.513,0.257,1,"3","Prpf31"
"S100a11",0.00133620268473519,1.44201521433649,0.487,0.263,1,"3","S100a11"
"Gm10320",0.00136430617702475,1.36754180074147,0.359,0.145,1,"3","Gm10320"
"Cdyl",0.00136487352191365,1.57613169170144,0.282,0.089,1,"3","Cdyl"
"Usp39",0.00137136583508342,1.42549474318701,0.41,0.162,1,"3","Usp39"
"Lsm8",0.00138231486426788,1.03195611778638,0.564,0.307,1,"3","Lsm8"
"Ncbp2",0.00140438085692737,1.07645990632434,0.564,0.279,1,"3","Ncbp2"
"Ptpn71",0.00142773645944848,1.71622039082269,0.256,0.078,1,"3","Ptpn7"
"Tex30",0.00145495772174124,1.13217488035298,0.308,0.101,1,"3","Tex30"
"Msh2",0.0015144720616668,1.20840217569533,0.333,0.112,1,"3","Msh2"
"Timm9",0.00152826156614416,1.51390146033563,0.308,0.106,1,"3","Timm9"
"Aimp2",0.00154574809708625,1.17105022053015,0.462,0.19,1,"3","Aimp2"
"Cbfb",0.00155167789164642,1.14855046722979,0.564,0.285,1,"3","Cbfb"
"Mrps25",0.00158863485548647,1.12600027851003,0.538,0.268,1,"3","Mrps25"
"Cdk2ap1",0.00163705625787327,1.01401214605565,0.538,0.263,1,"3","Cdk2ap1"
"Fut8",0.00167465773869854,1.43936239600216,0.256,0.078,1,"3","Fut8"
"Xrcc1",0.00178528714341493,1.14414120450944,0.41,0.179,1,"3","Xrcc1"
"Kansl1",0.00182565916975663,1.03123320227359,0.462,0.19,1,"3","Kansl1"
"Dhdds",0.00199592150668424,1.42867951746997,0.308,0.106,1,"3","Dhdds"
"Vcpkmt",0.00202758325794022,1.14804623823618,0.359,0.14,1,"3","Vcpkmt"
"Nudt1",0.00207339192422839,1.86535985231194,0.282,0.095,1,"3","Nudt1"
"Rrs1",0.00208551836020707,1.08139583328874,0.359,0.14,1,"3","Rrs1"
"Pcyox1l",0.00213774882600762,1.6859922050198,0.256,0.078,1,"3","Pcyox1l"
"Abcb8",0.0023700239576292,1.36992969609663,0.256,0.078,1,"3","Abcb8"
"Minpp1",0.0023823381039206,1.01468384954995,0.41,0.168,1,"3","Minpp1"
"Rpa3",0.00238318390662685,1.14492811979121,0.513,0.263,1,"3","Rpa3"
"Ccnc",0.00250063434897456,1.47261909976075,0.359,0.14,1,"3","Ccnc"
"Haus3",0.00253747547054003,1.14035790693326,0.256,0.078,1,"3","Haus3"
"Rpp30",0.00265819891783411,1.20216929694603,0.487,0.229,1,"3","Rpp30"
"Tmem39b",0.00276623631443579,1.41715107313557,0.308,0.112,1,"3","Tmem39b"
"Atic",0.00280764158713593,1.17610429229496,0.385,0.156,1,"3","Atic"
"Purb",0.00282596872181146,1.6455148289743,0.333,0.134,1,"3","Purb"
"Gabpb2",0.00285318832767725,1.434049864346,0.282,0.095,1,"3","Gabpb2"
"Cabin1",0.00287451466102323,1.19875358162003,0.41,0.179,1,"3","Cabin1"
"Usp10",0.00290525863824825,1.27787756329985,0.256,0.078,1,"3","Usp10"
"Csgalnact2",0.00295450274811829,1.61898677497642,0.256,0.078,1,"3","Csgalnact2"
"Rbm28",0.00295781902559966,1.32720966004867,0.333,0.123,1,"3","Rbm28"
"Ankrd10",0.00315940730791293,1.3587264441533,0.333,0.134,1,"3","Ankrd10"
"Psmb9",0.00321672883842568,1.02027782555035,0.615,0.313,1,"3","Psmb9"
"Yrdc",0.00321720732863537,1.06489069464034,0.462,0.212,1,"3","Yrdc"
"Hacd1",0.00325419649850288,1.25839475677068,0.41,0.19,1,"3","Hacd1"
"Sltm",0.00327530189381543,1.05302372922465,0.487,0.229,1,"3","Sltm"
"Fancl",0.00331363836150861,1.49599628671187,0.256,0.084,1,"3","Fancl"
"Ddx39",0.00338268122902252,1.00872829326495,0.564,0.33,1,"3","Ddx39"
"Cstf3",0.0034030358771376,1.45094275215471,0.282,0.101,1,"3","Cstf3"
"Pwp1",0.00343260350640913,1.53955216294238,0.333,0.134,1,"3","Pwp1"
"Gtf2f1",0.00343799412373445,1.02115053575338,0.487,0.218,1,"3","Gtf2f1"
"Polr2h",0.00350514472787448,1.32584294847671,0.436,0.212,1,"3","Polr2h"
"Nup93",0.00355446636474142,1.11667111153981,0.308,0.112,1,"3","Nup93"
"Sgf29",0.00371312119311391,1.23991453501723,0.308,0.112,1,"3","Sgf29"
"Npm3",0.00385743381220115,1.01006755677072,0.564,0.335,1,"3","Npm3"
"Eif1ad",0.00395438995628752,1.0596632732861,0.41,0.19,1,"3","Eif1ad"
"Chchd6",0.00396796387123035,1.07829219806372,0.359,0.14,1,"3","Chchd6"
"Rpa1",0.00417689334484467,1.20482445776413,0.436,0.212,1,"3","Rpa1"
"Ankra2",0.00432463381288258,1.13860327426911,0.359,0.145,1,"3","Ankra2"
"Hnrnpa1",0.00447909179159072,1.11479548167588,0.333,0.128,1,"3","Hnrnpa1"
"BC035044",0.00448559135508582,1.35773660851061,0.308,0.123,1,"3","BC035044"
"Shmt2",0.00451234627467623,1.0699592186877,0.41,0.19,1,"3","Shmt2"
"Rpap3",0.00454203082374402,1.00017281928848,0.308,0.112,1,"3","Rpap3"
"Zzef1",0.00460721480222815,1.10987618597508,0.308,0.112,1,"3","Zzef1"
"Alg8",0.00495257311142139,1.46719523267684,0.282,0.101,1,"3","Alg8"
"Gle1",0.00513746746192412,1.37848337497054,0.359,0.156,1,"3","Gle1"
"Cep57",0.00519816287738728,1.15647282286174,0.359,0.151,1,"3","Cep57"
"Got2",0.00550206785338623,1.26806568607825,0.41,0.201,1,"3","Got2"
"Cenpa",0.00551894065981012,1.3387452510319,0.436,0.246,1,"3","Cenpa"
"Reep4",0.00553478922140249,1.27153877872497,0.385,0.184,1,"3","Reep4"
"Xpo1",0.0055979299504954,1.0427567424161,0.359,0.145,1,"3","Xpo1"
"Myc1",0.00563028369205033,1.19197181570445,0.41,0.201,1,"3","Myc"
"Mtap",0.00590264825410814,1.08738974760753,0.282,0.101,1,"3","Mtap"
"Eml4",0.00590517675341043,1.05210954944737,0.385,0.168,1,"3","Eml4"
"Xpc",0.00595962101086561,1.27195845610994,0.256,0.089,1,"3","Xpc"
"Pcgf5",0.00595962101086561,1.39651977822687,0.256,0.089,1,"3","Pcgf5"
"Lars",0.00601492503468313,1.0864515536438,0.436,0.212,1,"3","Lars"
"Asxl1",0.00623683942319676,1.38939645629143,0.256,0.089,1,"3","Asxl1"
"Apmap",0.00632571363318086,1.05532292213661,0.385,0.179,1,"3","Apmap"
"Cdc23",0.00659485570183926,1.00865669908802,0.333,0.128,1,"3","Cdc23"
"Cenpc1",0.00662451101144405,1.25092735858948,0.256,0.089,1,"3","Cenpc1"
"Prep",0.00662451101144405,1.08105202834417,0.256,0.089,1,"3","Prep"
"Mipep",0.00692934000572249,1.02167439340738,0.256,0.089,1,"3","Mipep"
"Acy1",0.0069822203321349,1.18872183643923,0.256,0.095,1,"3","Acy1"
"Rrp9",0.00703022596175704,1.01268022371551,0.308,0.123,1,"3","Rrp9"
"Isy1",0.00722765077714402,1.02100515069303,0.333,0.134,1,"3","Isy1"
"Pgs1",0.00753763184617326,1.62558476338677,0.359,0.156,1,"3","Pgs1"
"Thop1",0.00791963104317936,1.11159565426431,0.308,0.123,1,"3","Thop1"
"X2310009B15Rik",0.00831659009393585,1.0957770926189,0.256,0.095,1,"3","X2310009B15Rik"
"Pdha1",0.00837908650013576,1.03334580299524,0.513,0.313,1,"3","Pdha1"
"Polr3h",0.00853430933001523,1.07911797256271,0.308,0.128,1,"3","Polr3h"
"Mrpl45",0.00887150026380861,1.11061045809328,0.41,0.207,1,"3","Mrpl45"
"Ide",0.00893688282734308,1.53456463560681,0.256,0.095,1,"3","Ide"
"Coq7",0.00909949740964553,1.37590657547107,0.41,0.212,1,"3","Coq7"
"Rabep2",0.00914270693171226,1.04074196126724,0.308,0.123,1,"3","Rabep2"
"Pygo2",0.00919635278112319,1.00576067577521,0.256,0.095,1,"3","Pygo2"
"Las1l",0.00962514865908701,1.02838542297979,0.359,0.151,1,"3","Las1l"
"Cwc27",0.00972271362866764,1.68633340010124,0.256,0.101,1,"3","Cwc27"
"Med27",0.00978353928273196,1.219402448909,0.282,0.112,1,"3","Med27"
